{
  "clientes": [
    {
      "id": 1,
      "nome": "Felipe Santos",
      "endereco": "Rua X"
    },
    {
      "id": 2,
      "nome": "Maria",
      "endereco": "Rua X"
    },
    {
      "id": 3,
      "nome": "João",
      "endereco": "Rua 25"
    },
    {
      "nome": "Teste",
      "endereco": "Rua Teste",
      "id": 4
    },
    {
      "nome": "Teste",
      "endereco": "Rua Teste",
      "id": 5
    },
    {
      "nome": "Teste",
      "endereco": "Rua Teste",
      "id": 6
    },
    {
      "nome": "Teste",
      "endereco": "Rua Teste",
      "id": 7
    },
    {
      "nome": "Teste",
      "endereco": "Rua Teste",
      "id": 8
    },
    {
      "nome": "Teste",
      "endereco": "Rua Teste",
      "id": 9
    },
    {
      "nome": "Teste",
      "endereco": "Rua Teste",
      "id": 10
    },
    {
      "nome": "Teste",
      "endereco": "Rua Teste",
      "id": 11
    },
    {
      "nome": "Teste",
      "endereco": "Rua Teste",
      "id": 12
    },
    {
      "nome": "Teste",
      "endereco": "Rua Teste",
      "id": 13
    },
    {
      "nome": "Teste",
      "endereco": "Rua Teste",
      "id": 14
    },
    {
      "nome": "Teste",
      "endereco": "Rua Teste",
      "id": 15
    },
    {
      "nome": "Teste",
      "endereco": "Rua Teste",
      "id": 16
    },
    {
      "nome": "Teste",
      "endereco": "Rua Teste",
      "id": 17
    },
    {
      "nome": "Teste",
      "endereco": "Rua Teste",
      "id": 18
    },
    {
      "nome": "Teste",
      "endereco": "Rua Teste",
      "id": 19
    },
    {
      "nome": "Teste",
      "endereco": "Rua Teste",
      "id": 20
    },
    {
      "nome": "Teste",
      "endereco": "Rua Teste",
      "id": 21
    },
    {
      "nome": "Teste",
      "endereco": "Rua Teste",
      "id": 22
    }
  ]
}